start_location,end_location,estimated_travel_time_hr,season,day_type,transport_mode,destination_type,popularity_score,total_cost,user_budget,user_time_constraint_hr,preferred_transport_mode,satisfaction_rating
Bangalore,Goa,6.57,Summer,Weekend,Bus,Beach,0.7,4382,7796,18.8,Bus,3.39
Chennai,Agra,8.95,Summer,Weekend,Walk,Wildlife Park,0.36,4782,1093,23,Walk,4.68
Mumbai,Goa,11.73,Spring,Weekday,Bus,Museum,0.61,2043,5023,8,Car,1.89
Mumbai,Goa,7.66,Summer,Weekend,Bike,Museum,0.21,2698,5796,11.6,Walk,2.2
Kolkata,Goa,7.7,Monsoon,Weekend,Train,Hill Station,0.61,2254,1453,13.8,Train,4.2
Mumbai,Goa,5.53,Summer,Weekend,Walk,Beach,0.56,5430,6081,20.8,Walk,2.19
Chennai,Goa,7.08,Monsoon,Weekend,Bus,Beach,0.32,5150,6837,11.8,Bus,1.08
Kolkata,Mahabalipuram,9.95,Summer,Weekday,Bike,Wildlife Park,0.8,1737,5264,7.5,Car,2.72
Mumbai,Goa,6.25,Monsoon,Weekday,Train,Temple,0.61,4632,7377,18.2,Train,4.04
Kolkata,Mahabalipuram,10.83,Monsoon,Weekend,Car,Wildlife Park,0.67,3523,4031,11.3,Bike,1.46
Bangalore,Goa,8.72,Monsoon,Weekend,Car,Museum,0.89,2966,2915,5.3,Car,3.26
Kolkata,Shimla,11.24,Spring,Weekend,Bike,Museum,0.21,3339,8253,8.8,Bike,2.2
Kolkata,Mahabalipuram,7.39,Spring,Weekday,Bus,Museum,0.59,6405,5577,23,Bus,2.45
Kolkata,Mahabalipuram,5.22,Summer,Weekend,Bike,Museum,0.64,5142,4930,3.4,Walk,1.8
Delhi,Shimla,10.88,Spring,Weekend,Bus,Wildlife Park,0.26,4209,3734,19.3,Car,4.02
Delhi,Goa,9.47,Winter,Weekday,Bus,Museum,0.9,3466,4739,12.7,Train,1.41
Chennai,Shimla,8.78,Winter,Weekday,Bike,Wildlife Park,0.72,3415,5888,17.9,Bus,4.61
Delhi,Mahabalipuram,6.48,Winter,Weekday,Bike,Wildlife Park,0.9,5139,7493,11,Car,1.47
Chennai,Agra,5.7,Spring,Weekday,Train,Temple,0.8,4521,9537,4.5,Walk,1.47
Mumbai,Agra,7.79,Spring,Weekday,Train,Temple,0.66,4410,9972,22.6,Bike,2.64
Chennai,Mahabalipuram,7.31,Summer,Weekday,Walk,Museum,0.86,2296,7196,19.3,Bike,4.31
Chennai,Ooty,10.54,Spring,Weekday,Train,Wildlife Park,0.58,4369,5914,22.5,Bus,2.36
Delhi,Ooty,7.44,Spring,Weekend,Bike,Hill Station,0.66,2467,7120,16.9,Bike,3.89
Mumbai,Agra,1.33,Monsoon,Weekend,Bus,Temple,0.65,2790,8136,12,Bike,2.05
Delhi,Mahabalipuram,6.15,Summer,Weekday,Walk,Beach,0.21,2186,9366,22.5,Bus,3.87
Kolkata,Mahabalipuram,2.68,Winter,Weekend,Bike,Hill Station,0.95,2621,9961,17.8,Bike,2.36
Mumbai,Shimla,3.5,Winter,Weekday,Walk,Wildlife Park,0.29,4283,9736,19.8,Bus,2.14
Bangalore,Ooty,8.87,Summer,Weekend,Car,Hill Station,0.8,6257,8862,17.4,Car,2.35
Delhi,Shimla,4.77,Summer,Weekend,Walk,Temple,0.22,4625,1593,17.4,Car,1.56
Chennai,Ooty,7.24,Winter,Weekday,Walk,Temple,0.43,2637,6743,2.2,Walk,1.08
Delhi,Ooty,4.76,Winter,Weekday,Train,Wildlife Park,0.57,6101,7548,21.1,Bike,4.72
Bangalore,Ooty,5.58,Winter,Weekend,Car,Hill Station,0.99,5016,7722,4.2,Train,2.7
Chennai,Shimla,10.38,Summer,Weekday,Walk,Temple,0.64,2778,8608,21.2,Walk,4.49
Bangalore,Mahabalipuram,9.23,Monsoon,Weekday,Bus,Beach,0.37,5459,9425,6.8,Bike,3.46
Mumbai,Shimla,8.16,Winter,Weekday,Walk,Wildlife Park,0.5,2593,7768,9.2,Car,4.76
Delhi,Shimla,7.78,Spring,Weekend,Bus,Historical Site,0.92,4253,2591,12.2,Walk,3.25
Mumbai,Mahabalipuram,5.97,Summer,Weekday,Train,Wildlife Park,0.22,5719,1417,3.9,Walk,3.28
Kolkata,Goa,10.86,Summer,Weekend,Walk,Temple,0.26,4240,3716,4.3,Bus,1.71
Kolkata,Mahabalipuram,2.23,Summer,Weekday,Train,Museum,0.75,3975,1626,16.1,Bike,1.22
Mumbai,Mahabalipuram,5.59,Winter,Weekend,Train,Beach,0.3,1742,5989,8.7,Bike,4.84
Kolkata,Agra,4.29,Winter,Weekday,Bus,Wildlife Park,0.65,3383,6997,6.6,Bike,4.59
Delhi,Goa,4.49,Summer,Weekend,Bus,Wildlife Park,0.23,4678,1663,11.6,Walk,1.53
Mumbai,Goa,4.83,Summer,Weekday,Walk,Museum,0.89,5395,2732,9.6,Walk,3.29
Chennai,Agra,2.54,Summer,Weekday,Walk,Hill Station,0.47,2013,2010,18.3,Bus,2.91
Chennai,Shimla,6.01,Winter,Weekday,Bus,Wildlife Park,0.5,2022,3759,22.5,Walk,1.89
Bangalore,Mahabalipuram,3.87,Summer,Weekend,Walk,Hill Station,0.72,2205,9501,6.2,Bus,3.28
Chennai,Goa,7.41,Winter,Weekend,Bike,Museum,0.8,4915,2822,14.5,Bus,2.39
Chennai,Ooty,8.63,Winter,Weekday,Bus,Temple,0.43,5411,7545,9.2,Car,3.37
Chennai,Mahabalipuram,2.3,Summer,Weekend,Train,Wildlife Park,0.72,5347,4769,14.6,Bus,2.29
Chennai,Shimla,11.4,Winter,Weekend,Bike,Temple,0.87,1924,7917,21.9,Car,4.4
Chennai,Ooty,9.93,Summer,Weekend,Bike,Temple,0.63,5214,8420,16.5,Walk,2.79
Chennai,Goa,9.29,Summer,Weekday,Walk,Temple,0.47,3286,8030,12.4,Car,2.81
Kolkata,Goa,1.47,Summer,Weekend,Car,Temple,0.22,5385,9449,9.3,Walk,3.85
Kolkata,Agra,7.28,Summer,Weekday,Bus,Temple,0.66,4318,4293,10.5,Car,3.39
Delhi,Shimla,10.02,Summer,Weekday,Walk,Museum,0.38,4841,4772,8.5,Bike,1.55
Kolkata,Mahabalipuram,10.84,Summer,Weekend,Car,Wildlife Park,0.35,4086,5997,23,Bus,3.31
Delhi,Agra,7.51,Summer,Weekend,Car,Temple,0.29,4429,6173,20.1,Bus,2.68
Bangalore,Agra,3.46,Winter,Weekday,Walk,Wildlife Park,0.93,3471,4432,20.8,Car,2.82
Bangalore,Ooty,1.56,Spring,Weekday,Bike,Wildlife Park,0.22,3479,1877,7.6,Walk,4.62
Mumbai,Ooty,4.1,Winter,Weekend,Bus,Museum,0.3,3276,4040,11.4,Bus,3.24
Bangalore,Goa,9.46,Spring,Weekday,Car,Temple,0.88,3855,1700,15.2,Bike,3.96
Kolkata,Mahabalipuram,1.73,Summer,Weekend,Car,Wildlife Park,0.65,4031,3969,11.8,Walk,1.49
Bangalore,Goa,8.52,Spring,Weekday,Car,Hill Station,0.75,2018,8176,13.7,Walk,1.57
Delhi,Agra,3.68,Winter,Weekday,Bike,Wildlife Park,0.73,3485,4536,12,Bike,3.18
Kolkata,Ooty,3.61,Spring,Weekend,Bike,Museum,0.26,3339,1038,11.3,Bus,2.26
Mumbai,Goa,2.98,Monsoon,Weekday,Train,Wildlife Park,0.7,5784,2818,10.5,Bike,3.67
Mumbai,Agra,2.8,Monsoon,Weekday,Car,Temple,0.35,4272,5205,9.5,Bus,2.23
Delhi,Goa,7.84,Spring,Weekend,Bike,Temple,0.21,4991,8978,21.9,Bus,2.25
Mumbai,Shimla,11.27,Summer,Weekday,Walk,Wildlife Park,0.83,1441,2631,22.4,Bike,3.91
Bangalore,Ooty,7.59,Summer,Weekend,Car,Hill Station,0.55,2678,2725,5.9,Train,2.66
Bangalore,Shimla,1.59,Winter,Weekend,Walk,Museum,0.32,4739,2671,19.2,Bus,1.1
Kolkata,Goa,8.37,Spring,Weekend,Bus,Wildlife Park,0.72,4527,2072,5.3,Bus,4.74
Bangalore,Goa,6.66,Monsoon,Weekday,Walk,Beach,0.86,4750,4665,22.3,Car,1.16
Bangalore,Goa,7.85,Winter,Weekend,Bus,Hill Station,0.86,2621,3148,12.8,Car,4.7
Bangalore,Ooty,8.55,Summer,Weekday,Car,Beach,0.37,5451,6679,14.2,Train,2.66
Mumbai,Ooty,7.18,Winter,Weekend,Bike,Museum,0.93,4627,8536,14.1,Walk,1.79
Mumbai,Goa,7.5,Winter,Weekday,Train,Beach,0.93,3478,6163,16,Bike,2.98
Bangalore,Agra,3.21,Monsoon,Weekend,Train,Wildlife Park,0.21,3432,2979,20.6,Bike,4.79
Mumbai,Ooty,5.01,Summer,Weekday,Bus,Wildlife Park,0.58,3524,2677,3.8,Bike,2.23
Bangalore,Mahabalipuram,4.85,Summer,Weekend,Bus,Beach,0.7,3973,7588,22.4,Car,3.96
Chennai,Agra,9.29,Winter,Weekday,Car,Museum,0.41,3347,8253,22,Walk,1.85
Bangalore,Ooty,11.59,Monsoon,Weekday,Bike,Hill Station,0.32,5258,4500,16.8,Train,1.87
Kolkata,Goa,4.83,Monsoon,Weekday,Train,Beach,0.81,4604,6039,15.3,Bus,1.21
Kolkata,Ooty,7.96,Winter,Weekend,Car,Beach,0.65,4290,9926,14.8,Bike,1.59
Bangalore,Ooty,6.13,Winter,Weekend,Bike,Museum,0.79,2760,8554,8.5,Walk,3.42
Kolkata,Shimla,6.97,Summer,Weekend,Train,Temple,0.35,2961,3330,18,Car,4.65
Kolkata,Goa,8.94,Summer,Weekday,Bike,Wildlife Park,0.88,1773,7409,15.2,Bike,2.13
Mumbai,Agra,8.46,Winter,Weekday,Bike,Museum,0.73,1834,6849,3.2,Bus,3.55
Mumbai,Ooty,7.34,Monsoon,Weekday,Train,Wildlife Park,0.3,5369,3783,20.1,Car,2.95
Chennai,Ooty,1.37,Winter,Weekend,Bike,Hill Station,0.6,4723,2439,19.9,Bus,2.38
Bangalore,Ooty,11.39,Spring,Weekday,Bike,Wildlife Park,0.71,6361,2249,14.1,Bus,4.15
Chennai,Agra,3.84,Summer,Weekend,Car,Museum,0.78,5577,5814,21,Bus,4.5
Mumbai,Shimla,10.97,Winter,Weekend,Walk,Wildlife Park,0.7,3376,9751,20.8,Train,1.67
Delhi,Mahabalipuram,9.33,Winter,Weekend,Bus,Wildlife Park,0.71,6213,4735,20.7,Bike,2.56
Mumbai,Ooty,8.33,Summer,Weekday,Train,Beach,0.56,4969,3353,10.8,Train,4.68
Mumbai,Ooty,3.75,Spring,Weekday,Car,Museum,0.26,4715,3189,9.3,Bus,4.63
Bangalore,Agra,11.05,Spring,Weekday,Bike,Temple,0.31,4468,8739,17.9,Walk,4.34
Chennai,Ooty,10.42,Spring,Weekend,Walk,Beach,0.64,3514,2558,3.8,Train,4.89
Delhi,Ooty,5.2,Winter,Weekend,Train,Hill Station,0.7,4758,8654,16.7,Bus,4.28
Kolkata,Shimla,2.24,Summer,Weekend,Bike,Hill Station,0.55,2055,2937,16.1,Car,3.93
Bangalore,Goa,5.52,Monsoon,Weekend,Bike,Wildlife Park,0.77,4123,1615,12.8,Bus,1.05
Mumbai,Agra,9.94,Winter,Weekday,Walk,Temple,0.27,3315,5403,15.6,Bus,2.43
Kolkata,Shimla,10.26,Monsoon,Weekend,Walk,Museum,0.58,4384,8022,11.2,Bike,3.76
Chennai,Goa,3.89,Summer,Weekday,Train,Hill Station,0.73,2438,3099,21.8,Car,1.27
Kolkata,Mahabalipuram,11.66,Spring,Weekend,Walk,Temple,0.9,3894,8101,13.7,Bike,3.15
Bangalore,Goa,9.76,Winter,Weekday,Train,Temple,0.24,2355,1970,12.2,Bike,4.16
Delhi,Agra,8.77,Monsoon,Weekday,Walk,Wildlife Park,0.92,4724,4426,7.5,Walk,3.18
Kolkata,Goa,8.34,Spring,Weekend,Bus,Temple,0.68,5332,6995,20.7,Bike,2.18
Kolkata,Mahabalipuram,6.32,Summer,Weekend,Bus,Wildlife Park,0.57,1514,2632,6.2,Bike,1.4
Delhi,Shimla,8.77,Winter,Weekend,Walk,Temple,0.64,2971,2199,20.7,Bike,2.14
Delhi,Goa,2.57,Winter,Weekday,Car,Temple,0.39,4583,3941,23.9,Bus,2.27
Kolkata,Goa,3.74,Winter,Weekend,Car,Hill Station,0.32,3854,5340,4,Bike,1.12
Kolkata,Ooty,10.33,Monsoon,Weekend,Car,Hill Station,0.61,2499,9447,12.1,Walk,4.95
Delhi,Shimla,10.75,Spring,Weekend,Train,Museum,0.56,5289,4339,5.7,Walk,2.83
Mumbai,Ooty,11.98,Winter,Weekday,Bus,Beach,0.42,4016,6869,22.7,Car,3.68
Bangalore,Goa,6.65,Monsoon,Weekend,Train,Wildlife Park,0.43,4623,6775,22.4,Bike,2.89
Mumbai,Goa,5.27,Spring,Weekday,Walk,Beach,0.6,2377,8881,19.2,Car,1.56
Chennai,Mahabalipuram,8.43,Monsoon,Weekend,Walk,Hill Station,0.79,5022,5508,21,Train,1.45
Mumbai,Mahabalipuram,7.51,Monsoon,Weekday,Car,Wildlife Park,0.51,5944,9716,18.3,Walk,4.31
Kolkata,Ooty,7.06,Spring,Weekday,Bus,Wildlife Park,0.88,2816,9073,17.3,Bike,1.18
Kolkata,Agra,9.33,Monsoon,Weekday,Car,Wildlife Park,0.61,4100,2171,18.3,Train,1.11
Kolkata,Mahabalipuram,7.46,Summer,Weekend,Train,Hill Station,0.51,4852,5754,11.4,Walk,1.23
Mumbai,Agra,10.28,Winter,Weekday,Bus,Historical Site,0.72,4412,7958,4.2,Bike,4.49
Chennai,Goa,7.48,Monsoon,Weekday,Car,Hill Station,0.25,5554,6852,9.7,Bike,4.16
Chennai,Agra,4.71,Monsoon,Weekday,Bike,Temple,0.66,3515,5809,10.1,Train,2.36
Mumbai,Goa,9.85,Monsoon,Weekend,Train,Hill Station,0.7,2235,6519,4.7,Walk,2.31
Mumbai,Shimla,4.12,Winter,Weekday,Car,Wildlife Park,0.93,2931,5131,17.5,Walk,2.35
Chennai,Mahabalipuram,7.52,Winter,Weekend,Car,Beach,0.97,4229,2612,17.8,Bus,4.76
Delhi,Ooty,7.51,Summer,Weekday,Walk,Museum,0.85,2326,9165,23.7,Walk,2.35
Chennai,Goa,4.49,Summer,Weekday,Car,Beach,0.81,3781,9664,6.3,Car,3.88
Kolkata,Goa,11.09,Monsoon,Weekend,Bus,Museum,0.47,5875,1199,17.7,Bike,2.61
Chennai,Mahabalipuram,6.17,Summer,Weekday,Bike,Wildlife Park,0.51,6071,7487,14.2,Walk,4.4
Kolkata,Shimla,6.69,Winter,Weekend,Car,Wildlife Park,0.93,6372,8930,7.8,Bike,2.1
Kolkata,Mahabalipuram,11.04,Spring,Weekend,Bus,Temple,0.93,3026,5281,10,Car,3.73
Delhi,Ooty,2.42,Summer,Weekday,Walk,Museum,0.24,2734,9453,4.4,Train,1.14
Chennai,Mahabalipuram,5.56,Monsoon,Weekday,Car,Museum,0.47,1205,8830,5.2,Train,3.23
Delhi,Goa,10.07,Winter,Weekend,Train,Museum,0.99,3295,2153,15.5,Bus,4.2
Delhi,Mahabalipuram,5.92,Monsoon,Weekday,Car,Hill Station,0.65,4401,3732,17.7,Walk,3.65
Bangalore,Shimla,5.25,Spring,Weekday,Bus,Museum,0.43,2468,7451,6.5,Walk,4.59
Mumbai,Mahabalipuram,10.96,Spring,Weekend,Car,Beach,0.66,5727,6793,16.3,Train,3.69
Bangalore,Goa,11.89,Monsoon,Weekend,Walk,Beach,0.69,2336,5232,22.4,Train,3.65
Kolkata,Mahabalipuram,1.26,Monsoon,Weekday,Train,Hill Station,0.79,3698,5639,14.4,Train,4.75
Bangalore,Mahabalipuram,4.99,Monsoon,Weekend,Car,Temple,0.63,2359,1977,17.3,Train,4.47
Bangalore,Agra,7.22,Summer,Weekday,Train,Temple,0.95,2645,8373,11.2,Bike,3.78
Chennai,Mahabalipuram,8.05,Monsoon,Weekday,Bike,Temple,0.22,2700,2331,17,Car,2.52
Mumbai,Mahabalipuram,5.45,Monsoon,Weekend,Car,Hill Station,0.26,2213,6959,16.9,Bus,2.58
Mumbai,Agra,9.08,Spring,Weekend,Car,Hill Station,0.27,1323,8860,18.7,Bus,1.33
Bangalore,Goa,1.69,Spring,Weekday,Bus,Beach,0.56,4390,7500,18.2,Car,3.84
Delhi,Shimla,11.47,Monsoon,Weekend,Train,Temple,0.46,3109,9322,9.4,Train,3.71
Delhi,Goa,9.77,Winter,Weekday,Car,Wildlife Park,0.2,2374,2403,13.9,Walk,3.71
Chennai,Mahabalipuram,10.65,Summer,Weekday,Bike,Beach,0.28,2361,4220,13.9,Train,3.08
Delhi,Mahabalipuram,11.64,Spring,Weekday,Bike,Hill Station,0.66,2871,5729,14.9,Bus,4.16
Bangalore,Shimla,10.54,Monsoon,Weekend,Car,Museum,0.44,2471,9523,11.3,Bus,4.32
Mumbai,Shimla,7.6,Spring,Weekday,Train,Historical Site,0.87,3325,7720,11.2,Bike,4.73
Kolkata,Goa,6.21,Winter,Weekend,Car,Beach,0.23,2623,6574,3.4,Train,1.26
Kolkata,Ooty,10.76,Monsoon,Weekday,Bus,Wildlife Park,0.57,1556,7898,5.9,Bike,1.36
Kolkata,Ooty,2.34,Monsoon,Weekday,Bus,Beach,0.66,5718,6782,6.1,Bus,1.1
Delhi,Goa,9.08,Spring,Weekday,Bus,Wildlife Park,0.77,6052,4746,17.2,Car,4.99
Mumbai,Agra,11.73,Spring,Weekday,Car,Hill Station,0.87,5083,5130,23.4,Bike,1.25
Delhi,Mahabalipuram,8.83,Monsoon,Weekday,Train,Museum,0.75,3919,3888,14,Walk,2.34
Mumbai,Mahabalipuram,6.3,Summer,Weekend,Bike,Temple,0.32,3666,2712,2.1,Bike,2.53
Bangalore,Agra,11.99,Spring,Weekend,Bike,Temple,0.67,3455,5560,16.4,Bus,2.75
Chennai,Ooty,5.69,Spring,Weekend,Walk,Museum,0.98,3966,5341,14.2,Bus,2.71
Delhi,Goa,8.41,Summer,Weekend,Bike,Museum,0.62,3057,6837,20.3,Bus,1.56
Chennai,Ooty,4.72,Summer,Weekend,Car,Beach,0.46,5701,1583,4.2,Walk,3.64
Mumbai,Mahabalipuram,10.53,Winter,Weekday,Train,Beach,0.46,5212,3930,3.8,Bike,1.14
Kolkata,Ooty,9.93,Winter,Weekend,Bus,Beach,0.4,2077,8651,6.4,Train,2.52
Chennai,Goa,2.64,Monsoon,Weekend,Train,Wildlife Park,0.37,4210,9381,9.8,Walk,1.89
Delhi,Shimla,9.05,Summer,Weekend,Bike,Temple,0.96,4268,7420,23.8,Walk,4.44
Delhi,Shimla,3.65,Winter,Weekend,Walk,Museum,0.82,5963,9123,14.5,Car,1.82
Delhi,Agra,7.1,Winter,Weekday,Bike,Wildlife Park,0.74,2563,5457,4.1,Train,4.02
Mumbai,Goa,1.32,Winter,Weekday,Bike,Beach,0.51,4144,1261,10.3,Walk,2.95
Kolkata,Ooty,1.33,Winter,Weekend,Car,Wildlife Park,0.74,2394,7113,3.2,Bus,4.27
Mumbai,Goa,3.09,Monsoon,Weekend,Car,Museum,0.56,3184,9009,20,Bike,3.23
Kolkata,Agra,2.07,Summer,Weekday,Walk,Temple,0.8,5947,8835,2.4,Train,1.82
Kolkata,Agra,6.49,Spring,Weekday,Train,Museum,0.71,3895,5255,12.1,Walk,4.58
Mumbai,Agra,5.51,Winter,Weekend,Bike,Historical Site,0.89,5625,2572,11.8,Train,4.81
Mumbai,Agra,1.27,Monsoon,Weekend,Bike,Wildlife Park,0.5,4202,5514,19.4,Walk,1.45
Delhi,Shimla,7.78,Spring,Weekday,Train,Museum,0.65,6458,8894,2.6,Train,4.99
Mumbai,Ooty,2.72,Monsoon,Weekday,Bus,Beach,0.56,3421,4109,2.4,Walk,2.79
Chennai,Goa,10.28,Spring,Weekend,Bike,Wildlife Park,0.5,2616,7437,22.6,Bus,3.43
Bangalore,Shimla,8.76,Spring,Weekday,Car,Hill Station,0.46,920,7744,18.7,Car,3.03
Delhi,Goa,10.06,Summer,Weekday,Bike,Wildlife Park,0.67,1669,1653,19.9,Walk,3.84
Bangalore,Ooty,1.7,Summer,Weekday,Bus,Wildlife Park,0.86,3331,7147,8.4,Bus,1.46
Chennai,Agra,7.36,Monsoon,Weekday,Train,Museum,0.58,2117,4569,18.3,Bus,4.43
Kolkata,Shimla,11.85,Winter,Weekend,Walk,Hill Station,0.29,2069,9036,12,Train,4.37
Bangalore,Shimla,10.84,Winter,Weekend,Bus,Historical Site,0.75,3607,1287,4.2,Bike,2.91
Kolkata,Shimla,4.18,Winter,Weekday,Train,Historical Site,0.33,1732,2017,23.1,Walk,3.29
Kolkata,Ooty,11.47,Summer,Weekend,Train,Museum,0.43,6205,1940,12.5,Bus,4.68
Delhi,Shimla,5.46,Summer,Weekend,Car,Historical Site,0.96,4662,8081,15.7,Train,4.98
Chennai,Mahabalipuram,9.78,Monsoon,Weekday,Train,Wildlife Park,0.32,3181,4638,20.9,Bike,4.3
Delhi,Ooty,3.76,Summer,Weekend,Walk,Museum,0.25,3798,8469,14.5,Train,4.12
Kolkata,Agra,4.68,Summer,Weekday,Walk,Museum,0.31,3031,7710,22.2,Walk,1.66
Chennai,Shimla,8.31,Monsoon,Weekend,Car,Hill Station,0.65,5546,2658,8.5,Bus,2.89
Mumbai,Ooty,9.09,Spring,Weekday,Train,Hill Station,0.84,3296,9307,19.6,Bus,3.52
Delhi,Shimla,8.21,Summer,Weekday,Walk,Museum,0.68,3232,8665,19,Bus,2.38
Chennai,Shimla,2.34,Spring,Weekend,Car,Wildlife Park,0.47,5509,4379,7.3,Car,2.33
Chennai,Mahabalipuram,11.19,Summer,Weekday,Car,Museum,0.27,5715,3352,9.2,Bike,2.06
Kolkata,Shimla,2.91,Spring,Weekday,Car,Wildlife Park,0.69,2912,2470,21.8,Bus,1
Delhi,Mahabalipuram,1.98,Monsoon,Weekend,Bike,Beach,0.21,2357,1362,15.6,Walk,1.3
Kolkata,Mahabalipuram,8.61,Winter,Weekend,Bus,Hill Station,0.69,3908,1745,14.2,Train,3.8
Mumbai,Mahabalipuram,7.18,Spring,Weekend,Car,Wildlife Park,0.7,4346,4972,6.6,Car,2.42
Chennai,Agra,5.79,Summer,Weekend,Car,Wildlife Park,0.46,3409,9944,17.9,Walk,3.13
Mumbai,Mahabalipuram,10.33,Winter,Weekend,Walk,Temple,0.67,4879,4754,15.4,Bike,1.92
Delhi,Ooty,4.79,Monsoon,Weekday,Car,Museum,0.61,1567,8029,16.2,Train,2.09
Bangalore,Ooty,8.54,Monsoon,Weekday,Car,Wildlife Park,0.26,1636,4121,9.9,Car,2.73
Mumbai,Shimla,7.76,Spring,Weekday,Walk,Historical Site,0.26,4992,4289,22.5,Walk,2.49
Delhi,Ooty,7.11,Spring,Weekday,Walk,Beach,0.84,2724,7148,14.7,Bike,4.87
Chennai,Mahabalipuram,9.55,Monsoon,Weekday,Walk,Temple,0.53,3464,8542,15.1,Bus,1.33
Kolkata,Shimla,1.35,Spring,Weekend,Bike,Historical Site,0.96,5128,4345,17.7,Walk,3.73
Mumbai,Shimla,5.97,Summer,Weekend,Train,Temple,0.86,2049,3453,22.5,Walk,1.79
Chennai,Ooty,1.28,Summer,Weekend,Bus,Museum,0.97,2381,8227,3.9,Train,3.59
Chennai,Ooty,10.32,Monsoon,Weekend,Car,Beach,0.81,5604,1838,20.1,Bike,1.7
Chennai,Goa,11.56,Monsoon,Weekday,Car,Hill Station,0.73,4338,2015,13.8,Car,1.12
Kolkata,Shimla,4.57,Summer,Weekday,Car,Museum,0.9,2693,2973,19.4,Car,2.54
Mumbai,Goa,8.78,Monsoon,Weekend,Train,Hill Station,0.69,950,1695,8.5,Walk,3.89
Mumbai,Ooty,7.35,Winter,Weekend,Bike,Museum,0.41,3061,5050,10.2,Bus,4.53
Bangalore,Ooty,6.49,Winter,Weekend,Car,Beach,0.4,2463,6429,6.3,Train,3.24
Mumbai,Mahabalipuram,2.56,Summer,Weekend,Bus,Temple,0.48,6262,2140,15.6,Bus,4.91
Delhi,Agra,5.44,Winter,Weekday,Bike,Wildlife Park,0.98,2056,8359,7.5,Train,3.51
Mumbai,Mahabalipuram,8.05,Summer,Weekday,Bike,Temple,0.45,4229,8789,17.9,Bike,4.24
Kolkata,Ooty,9.91,Winter,Weekday,Train,Temple,0.93,4718,3285,17.3,Car,1.81
Bangalore,Agra,11.86,Monsoon,Weekend,Bus,Wildlife Park,0.81,5339,2700,23.6,Bus,2.55
Bangalore,Agra,3.17,Spring,Weekend,Train,Historical Site,0.28,6285,5480,2.5,Bike,4.76
Chennai,Agra,6.39,Spring,Weekend,Bike,Wildlife Park,0.21,4959,6455,10.2,Bike,4.18
Bangalore,Ooty,10.88,Winter,Weekday,Walk,Hill Station,0.44,6150,8028,13.6,Bike,3.16
Mumbai,Ooty,2.88,Monsoon,Weekend,Bike,Beach,0.45,1700,4582,20.1,Walk,4.42
Mumbai,Mahabalipuram,4.09,Monsoon,Weekend,Bus,Temple,0.77,4214,9524,9.9,Walk,4.06
Bangalore,Agra,10.89,Spring,Weekend,Bus,Temple,0.35,1906,7478,7.7,Car,4.95
Bangalore,Goa,5.09,Spring,Weekday,Car,Hill Station,0.83,6081,7406,9,Bike,3.41
Bangalore,Goa,6.88,Summer,Weekday,Car,Beach,0.83,2754,4814,11.3,Walk,2.78
Kolkata,Goa,1.43,Spring,Weekend,Walk,Hill Station,0.59,4220,3361,21.8,Train,2.12
Chennai,Goa,7.62,Summer,Weekday,Bus,Museum,0.45,3627,3245,10.8,Train,3.73
Chennai,Mahabalipuram,4.61,Monsoon,Weekend,Car,Museum,0.37,4371,4209,18.2,Bus,2.89
Kolkata,Agra,5.36,Monsoon,Weekday,Bus,Temple,0.84,4857,1510,11.4,Car,1.51
Bangalore,Goa,1.81,Winter,Weekend,Car,Hill Station,0.51,5194,2335,19.3,Car,4.22
Mumbai,Goa,2.99,Winter,Weekend,Train,Temple,0.81,4519,4606,17.5,Train,3.36
Bangalore,Ooty,10.79,Winter,Weekday,Train,Temple,0.21,5527,2221,11,Bus,2.32
Chennai,Shimla,7.05,Monsoon,Weekday,Bike,Temple,0.79,2022,1425,5.3,Train,2.46
Bangalore,Agra,5.29,Spring,Weekend,Car,Temple,0.39,4796,7314,9.1,Car,4.46
Delhi,Agra,10.74,Monsoon,Weekday,Bike,Museum,0.38,3153,1032,16,Train,4.07
Mumbai,Goa,3.76,Monsoon,Weekday,Walk,Temple,0.65,3957,5059,3.1,Bus,1.63
Mumbai,Mahabalipuram,1.06,Summer,Weekday,Bike,Wildlife Park,0.44,6114,1100,16.5,Bus,1.77
Kolkata,Ooty,5.79,Summer,Weekend,Car,Beach,0.61,2542,3782,18.2,Train,3.29
Bangalore,Goa,1.78,Monsoon,Weekend,Walk,Museum,0.37,5100,5898,15.3,Bus,2.68
Chennai,Agra,11.4,Winter,Weekend,Bus,Museum,0.97,4195,2318,9.9,Car,1.17
Bangalore,Ooty,11.43,Winter,Weekend,Train,Temple,0.86,2747,1994,18.2,Walk,3.54
Delhi,Shimla,2.03,Summer,Weekday,Bus,Temple,0.31,1237,6400,3.7,Train,1.55
Mumbai,Agra,9.84,Spring,Weekend,Train,Wildlife Park,0.52,5985,2787,13.1,Walk,3.03
Bangalore,Agra,10.49,Monsoon,Weekend,Train,Temple,0.37,4483,1301,20.9,Car,2.11
Kolkata,Shimla,3.17,Winter,Weekday,Bus,Wildlife Park,0.81,3661,2545,12.2,Bus,4.63
Bangalore,Shimla,4.28,Monsoon,Weekday,Train,Historical Site,0.85,1932,3435,16.5,Car,1.58
Bangalore,Mahabalipuram,2.05,Spring,Weekend,Bike,Wildlife Park,0.66,4358,9639,2.2,Car,4.62
Bangalore,Shimla,2.52,Summer,Weekend,Car,Historical Site,0.4,5729,4632,15.4,Bus,2.83
Mumbai,Shimla,8.95,Spring,Weekend,Train,Hill Station,0.56,3337,1736,2.4,Train,3.96
Kolkata,Goa,4.54,Spring,Weekend,Train,Museum,0.54,2857,9003,7.1,Walk,2.64
Chennai,Goa,7.24,Monsoon,Weekend,Train,Temple,0.69,3659,7516,4.4,Train,3.7
Chennai,Ooty,8.06,Monsoon,Weekday,Car,Wildlife Park,0.96,3350,5804,16.8,Bike,4.27
Chennai,Goa,9.17,Spring,Weekday,Bus,Wildlife Park,0.36,1473,1570,2.8,Bike,4.82
Bangalore,Shimla,8.52,Monsoon,Weekday,Bus,Hill Station,0.85,2970,3022,21.4,Bus,3.37
Delhi,Mahabalipuram,8.99,Spring,Weekday,Car,Wildlife Park,0.92,2128,2917,4.3,Car,4.8
Chennai,Ooty,9.82,Spring,Weekday,Car,Temple,0.66,4445,3777,4,Train,2.08
Kolkata,Shimla,7.77,Winter,Weekday,Car,Hill Station,0.33,4945,2396,2.5,Walk,3.9
Chennai,Goa,4.25,Monsoon,Weekend,Train,Museum,0.81,2713,4252,14.7,Walk,2.47
Kolkata,Shimla,1.23,Summer,Weekday,Walk,Wildlife Park,0.99,5419,4998,9.9,Car,3.59
Kolkata,Goa,10.24,Summer,Weekend,Walk,Museum,0.7,1793,3032,10.5,Car,1.63
Mumbai,Shimla,11.51,Monsoon,Weekday,Car,Hill Station,0.58,3958,3100,19.5,Bike,4.37
Chennai,Ooty,10.41,Monsoon,Weekend,Car,Beach,0.22,1982,5562,21.7,Car,1.46
Chennai,Agra,7.2,Monsoon,Weekend,Train,Temple,0.67,3766,5681,15.8,Train,3.27
Chennai,Shimla,2.57,Summer,Weekend,Bike,Hill Station,0.49,6040,7685,4.6,Walk,4.79
Mumbai,Shimla,10.51,Spring,Weekday,Bus,Wildlife Park,0.82,2161,4668,22.1,Bus,4.28
Kolkata,Agra,5.75,Winter,Weekend,Train,Museum,0.94,3659,4838,12.3,Bike,3.17
Delhi,Mahabalipuram,11.26,Spring,Weekend,Walk,Hill Station,0.96,4545,7116,20.4,Bike,3
Delhi,Ooty,7.84,Spring,Weekday,Bus,Wildlife Park,1,3453,5122,5.3,Car,1.21
Delhi,Agra,4.48,Winter,Weekend,Bike,Historical Site,0.75,5423,4400,8.4,Bus,2.22
Bangalore,Ooty,2.86,Monsoon,Weekend,Bus,Temple,0.67,1780,2444,8.5,Bike,1.3
Kolkata,Shimla,1.61,Monsoon,Weekend,Bike,Hill Station,0.69,2283,1095,18.7,Train,1.37
Kolkata,Mahabalipuram,9.34,Summer,Weekday,Train,Temple,0.65,4435,6159,7.8,Train,2.14
Bangalore,Goa,1.55,Winter,Weekday,Bus,Beach,0.52,2587,8508,13.4,Car,3.84
Chennai,Ooty,6.24,Summer,Weekday,Bike,Beach,0.46,1879,6673,6.8,Train,1.19
Bangalore,Ooty,4.8,Monsoon,Weekday,Bus,Hill Station,0.84,1990,8648,8.2,Walk,2.13
Delhi,Goa,3.15,Spring,Weekday,Train,Beach,0.51,3647,1361,18.6,Bike,1.87
Bangalore,Mahabalipuram,8.15,Summer,Weekend,Walk,Temple,0.82,3286,6597,10.1,Walk,3.46
Chennai,Agra,8.81,Spring,Weekend,Walk,Wildlife Park,0.31,5215,1827,7.9,Bike,2.01
Delhi,Agra,6.73,Winter,Weekend,Bus,Historical Site,0.62,1840,2276,18,Car,2.55
Chennai,Goa,9.31,Spring,Weekend,Bike,Museum,0.46,4188,4273,18.6,Car,3.95
Mumbai,Shimla,2.09,Monsoon,Weekday,Car,Hill Station,0.74,5186,7736,15.2,Walk,1.14
Bangalore,Goa,5.09,Winter,Weekday,Bike,Wildlife Park,0.92,4444,8439,19.1,Car,4.24
Bangalore,Ooty,11.56,Winter,Weekday,Bus,Wildlife Park,0.55,2361,7581,3.3,Bike,1.12
Kolkata,Shimla,11.52,Monsoon,Weekend,Bus,Historical Site,0.66,3095,5123,13,Walk,1.64
Kolkata,Mahabalipuram,7.13,Monsoon,Weekend,Bus,Hill Station,0.85,2574,4686,4.4,Car,3.54
Mumbai,Goa,2.32,Monsoon,Weekday,Car,Beach,0.21,2429,5290,19,Train,3.08
Bangalore,Mahabalipuram,6.04,Summer,Weekend,Train,Temple,0.34,5168,2527,13.2,Bike,4.76
Mumbai,Goa,6.6,Monsoon,Weekend,Bus,Hill Station,0.57,3622,4053,11.4,Walk,3.44
Mumbai,Shimla,7.95,Summer,Weekday,Car,Museum,0.98,5239,4663,5.6,Train,2.04
Bangalore,Ooty,8.51,Summer,Weekday,Bus,Temple,0.34,2740,3630,22.8,Bike,3.93
Mumbai,Mahabalipuram,10.57,Winter,Weekend,Train,Temple,0.38,4379,8358,21.7,Car,4.97
Kolkata,Shimla,5.63,Spring,Weekday,Bus,Museum,0.85,3378,5466,4.6,Car,2.65
Mumbai,Goa,10.57,Spring,Weekend,Train,Beach,0.36,2989,5358,8,Train,4.99
Chennai,Goa,1.93,Monsoon,Weekday,Car,Hill Station,0.45,4447,2598,6.2,Bike,2.47
Chennai,Mahabalipuram,2.86,Winter,Weekend,Car,Wildlife Park,0.92,3273,3549,7.5,Bus,1.92
Mumbai,Agra,7.96,Summer,Weekday,Train,Temple,0.61,1823,9125,8.9,Car,1.15
Delhi,Ooty,5.66,Winter,Weekend,Car,Wildlife Park,0.74,4623,2758,11.8,Car,2.8
Delhi,Shimla,5.26,Winter,Weekday,Car,Hill Station,0.24,1535,1938,5.9,Car,4.46
Bangalore,Shimla,9.71,Spring,Weekday,Bus,Temple,0.64,6113,6375,17.2,Train,4.42
Kolkata,Goa,11.57,Monsoon,Weekend,Car,Temple,0.21,3261,6262,9.6,Bus,4.33
Bangalore,Mahabalipuram,4.09,Winter,Weekday,Bike,Wildlife Park,1,5821,2132,19.5,Walk,4.37
Chennai,Shimla,6.59,Spring,Weekend,Bike,Historical Site,0.24,1788,5572,19.1,Walk,4.67
Kolkata,Ooty,4.02,Summer,Weekday,Train,Wildlife Park,0.79,4270,5159,13.8,Train,3.99
Chennai,Mahabalipuram,10.76,Monsoon,Weekday,Walk,Wildlife Park,0.82,1440,7086,10.2,Car,2.52
Delhi,Goa,7.64,Spring,Weekday,Walk,Hill Station,0.23,4959,5507,8.2,Walk,3.36
Chennai,Mahabalipuram,4.04,Spring,Weekday,Car,Beach,0.7,2098,7874,13.5,Car,1.39
Bangalore,Agra,2.09,Spring,Weekday,Walk,Historical Site,1,4460,8022,6.8,Bike,4.02
Mumbai,Agra,5.84,Summer,Weekday,Walk,Historical Site,0.74,5316,2102,12,Train,3.41
Bangalore,Agra,6.93,Spring,Weekday,Bus,Wildlife Park,0.55,3664,9107,9.1,Bus,4.67
Bangalore,Shimla,8.13,Winter,Weekend,Car,Hill Station,0.68,3341,8393,22.8,Car,2.75
Mumbai,Shimla,11.75,Summer,Weekday,Walk,Hill Station,0.37,3125,6749,9.3,Train,1.56
Delhi,Agra,8.79,Monsoon,Weekend,Walk,Temple,0.22,5370,2496,15.8,Train,1.59
Delhi,Ooty,9.07,Summer,Weekend,Car,Temple,0.48,4746,7078,12.5,Bus,4.51
Bangalore,Goa,7.72,Spring,Weekend,Car,Beach,0.25,6095,5017,21.7,Walk,4.12
Kolkata,Agra,10.8,Spring,Weekend,Car,Wildlife Park,0.33,4103,9662,16.4,Bus,1.39
Kolkata,Goa,1.48,Spring,Weekend,Bus,Beach,0.26,3327,7420,16.2,Walk,1.21
Chennai,Ooty,7.91,Spring,Weekend,Bike,Beach,0.94,6573,7489,12.3,Bike,1.57
Mumbai,Mahabalipuram,2.07,Winter,Weekday,Train,Museum,0.33,5632,9765,14.8,Car,1.46
Bangalore,Ooty,11.79,Summer,Weekend,Bus,Museum,0.61,4392,3691,21.4,Train,4.57
Chennai,Goa,2.67,Monsoon,Weekday,Car,Temple,0.41,2235,8855,9.3,Train,2.43
Kolkata,Goa,9.36,Monsoon,Weekend,Train,Temple,0.39,5362,6798,5.5,Car,3.12
Kolkata,Agra,10.31,Summer,Weekend,Bike,Temple,0.61,3514,4392,4.3,Bike,3.14
Delhi,Agra,6.83,Monsoon,Weekend,Bike,Wildlife Park,0.29,3266,5541,9.8,Train,2.82
Chennai,Shimla,8.37,Spring,Weekend,Car,Hill Station,0.47,5249,9607,11.7,Train,2.77
Kolkata,Mahabalipuram,6.51,Spring,Weekend,Bus,Hill Station,0.7,6338,5192,16.2,Bike,4.87
Chennai,Shimla,7.2,Spring,Weekend,Train,Historical Site,0.54,4178,4929,8.4,Train,1.33
Chennai,Agra,1.43,Monsoon,Weekday,Bus,Historical Site,0.42,4844,9058,3.5,Walk,1.59
Kolkata,Mahabalipuram,3.03,Monsoon,Weekday,Walk,Beach,0.93,1827,1450,18.7,Walk,3.43
Kolkata,Agra,11.7,Winter,Weekend,Bike,Museum,0.95,2368,5562,10.4,Car,2.13
Bangalore,Agra,11.28,Monsoon,Weekend,Train,Museum,0.64,3249,1232,19.9,Bike,3.27
Mumbai,Mahabalipuram,5.56,Spring,Weekend,Bike,Beach,0.56,3435,8355,2.5,Walk,1.68
Kolkata,Goa,4.52,Summer,Weekend,Walk,Wildlife Park,0.46,4694,5318,15.4,Bus,2.33
Mumbai,Agra,5.6,Spring,Weekend,Bus,Museum,0.25,5328,2256,3.3,Train,4.44
Bangalore,Shimla,10.52,Spring,Weekday,Train,Hill Station,0.61,1437,9197,15.6,Walk,1.98
Delhi,Ooty,5.3,Monsoon,Weekend,Car,Museum,0.43,4950,9995,7.7,Car,3.39
Chennai,Agra,1.79,Spring,Weekend,Car,Historical Site,0.43,1578,4126,23.4,Bus,4.27
Bangalore,Shimla,1.79,Monsoon,Weekday,Train,Wildlife Park,0.69,5609,9332,15.9,Car,1.06
Delhi,Ooty,9.46,Winter,Weekday,Car,Museum,0.29,3712,3318,11.6,Walk,2.02
Chennai,Ooty,2.37,Winter,Weekday,Bus,Wildlife Park,0.82,5161,6529,7.1,Walk,4.57
Chennai,Agra,8.73,Summer,Weekend,Car,Hill Station,0.94,1880,6722,19.9,Bus,3.25
Delhi,Goa,3.46,Spring,Weekend,Bus,Hill Station,0.39,4302,6163,8.4,Walk,2.47
Chennai,Goa,6.04,Summer,Weekend,Walk,Beach,0.79,5038,5276,5.4,Bus,4.22
Bangalore,Mahabalipuram,3.78,Winter,Weekend,Bus,Beach,0.63,3688,5486,19.5,Walk,1.94
Bangalore,Agra,10.24,Spring,Weekend,Walk,Historical Site,0.98,3429,1131,8.6,Bike,2.18
Mumbai,Mahabalipuram,3.16,Summer,Weekend,Bike,Temple,0.61,3735,5121,23.3,Train,2.13
Chennai,Shimla,8.42,Spring,Weekday,Bus,Hill Station,0.66,1043,1985,20.4,Train,2.07
Bangalore,Ooty,8.69,Monsoon,Weekend,Car,Museum,0.75,2260,9742,17.5,Car,3.89
Bangalore,Shimla,7.56,Winter,Weekday,Train,Temple,0.29,5248,7671,20.5,Walk,3.99
Mumbai,Mahabalipuram,2.26,Winter,Weekday,Car,Wildlife Park,0.69,3202,6504,15.2,Bike,1.57
Chennai,Ooty,1.59,Winter,Weekday,Bike,Hill Station,0.41,3548,2516,6.8,Walk,4.91
Chennai,Mahabalipuram,4.08,Winter,Weekday,Car,Beach,0.41,6156,5217,21.7,Walk,4.3
Kolkata,Shimla,11.55,Winter,Weekend,Bike,Historical Site,0.24,3312,8604,13.2,Walk,2.83
Delhi,Mahabalipuram,9.85,Winter,Weekend,Train,Wildlife Park,0.69,5413,7940,7.8,Walk,3.83
Delhi,Agra,2.35,Summer,Weekday,Bike,Temple,0.56,3206,1619,14.1,Bus,4.12
Delhi,Shimla,3.99,Winter,Weekend,Train,Temple,0.74,3398,5010,8.1,Car,4.23
Kolkata,Goa,5.06,Summer,Weekday,Car,Hill Station,0.66,3681,1326,11,Walk,2.66
Delhi,Shimla,7.82,Monsoon,Weekend,Train,Hill Station,0.83,5220,6936,8.8,Bus,4.71
Delhi,Agra,5.75,Summer,Weekday,Bus,Wildlife Park,0.4,3318,9377,19.8,Train,4.58
Mumbai,Goa,8.99,Monsoon,Weekend,Bus,Hill Station,0.59,3164,1657,19.3,Bike,3.84
Chennai,Goa,8.29,Spring,Weekend,Walk,Museum,0.65,4337,8150,14.5,Walk,3.64
Kolkata,Goa,1.86,Spring,Weekday,Walk,Temple,0.67,2626,1218,9.6,Bus,1.08
Mumbai,Goa,7.92,Spring,Weekday,Bike,Temple,0.6,2935,7015,11,Car,2.28
Bangalore,Mahabalipuram,1.69,Spring,Weekend,Bus,Hill Station,0.32,2894,2621,15.3,Train,1.67
Bangalore,Agra,1.91,Spring,Weekday,Bus,Temple,0.32,3532,6420,14.7,Bike,3.78
Chennai,Agra,3.39,Summer,Weekend,Car,Historical Site,0.55,5819,9488,2.2,Car,4.98
Chennai,Shimla,8.68,Spring,Weekday,Bike,Museum,0.4,2753,3598,18.2,Walk,4.01
Delhi,Goa,8.96,Winter,Weekend,Car,Wildlife Park,0.39,5735,3167,14.4,Walk,1.71
Bangalore,Goa,2.99,Spring,Weekday,Car,Hill Station,0.99,2743,3319,19.4,Walk,1.37
Chennai,Goa,1.8,Spring,Weekend,Car,Museum,0.25,2857,8207,2.9,Bus,2.4
Delhi,Mahabalipuram,9,Summer,Weekend,Train,Hill Station,0.22,1856,8368,17.3,Car,1.3
Kolkata,Ooty,11.06,Winter,Weekend,Train,Beach,0.79,2006,6411,18.5,Walk,2.22
Chennai,Goa,6.07,Monsoon,Weekday,Bike,Beach,0.45,5106,5197,14.4,Bus,2.55
Delhi,Shimla,7.78,Winter,Weekday,Train,Hill Station,0.34,1207,7396,22.4,Car,1.58
Chennai,Ooty,4.36,Summer,Weekend,Bike,Hill Station,0.66,2615,3896,16.6,Bus,2.02
Bangalore,Shimla,11.4,Monsoon,Weekend,Bus,Historical Site,0.29,4654,7035,11.9,Bike,4.63
Delhi,Ooty,2.32,Winter,Weekend,Walk,Wildlife Park,0.61,2840,7006,5.6,Bus,4.06
Mumbai,Agra,2.76,Spring,Weekend,Bus,Hill Station,0.63,2910,2629,16.4,Train,4.33
Kolkata,Shimla,8.6,Winter,Weekend,Walk,Wildlife Park,0.61,2841,9756,4.8,Car,3.99
Chennai,Ooty,9.31,Winter,Weekday,Train,Museum,0.75,2873,1907,12.1,Train,1.04
Mumbai,Mahabalipuram,7.57,Spring,Weekday,Bus,Wildlife Park,0.76,1417,4111,12.1,Bus,3.01
Kolkata,Mahabalipuram,1.57,Monsoon,Weekend,Bike,Museum,0.2,1852,2390,19.7,Train,2.67
Bangalore,Shimla,2.57,Summer,Weekday,Walk,Hill Station,0.28,2905,2600,20.5,Bike,4.78
Delhi,Shimla,7.23,Winter,Weekend,Bus,Museum,0.38,3334,1563,7,Train,1.55
Mumbai,Shimla,5.35,Summer,Weekend,Bike,Historical Site,0.58,5533,1205,17.5,Bus,1.32
Delhi,Ooty,3.41,Winter,Weekend,Train,Wildlife Park,0.24,1408,6179,19.3,Train,1.59
Bangalore,Ooty,6.8,Spring,Weekday,Walk,Wildlife Park,0.95,2749,9041,15.6,Bike,1.56
Mumbai,Goa,5.18,Monsoon,Weekday,Bus,Beach,0.62,2067,9006,11.9,Bike,4.24
Chennai,Ooty,10.28,Spring,Weekday,Train,Hill Station,0.74,3981,9023,15.6,Bus,1.47
Delhi,Goa,2.37,Monsoon,Weekend,Bus,Wildlife Park,1,1751,5197,3.6,Bike,4.23
Delhi,Shimla,2.73,Summer,Weekend,Car,Temple,0.77,4842,8597,22,Walk,1.36
Bangalore,Mahabalipuram,3.53,Winter,Weekday,Walk,Temple,0.4,4054,8606,2.2,Bus,4.41
Mumbai,Ooty,4.33,Winter,Weekday,Bus,Hill Station,0.95,3057,5776,8.7,Walk,1.55
Delhi,Mahabalipuram,10.03,Winter,Weekday,Car,Museum,0.47,5591,1388,9.1,Car,4.57
Bangalore,Shimla,1.82,Monsoon,Weekend,Car,Historical Site,0.63,1690,3572,21.1,Car,2.11
Bangalore,Goa,4.34,Monsoon,Weekend,Walk,Beach,0.9,5307,3811,7,Walk,4.83
Kolkata,Mahabalipuram,5.45,Spring,Weekday,Train,Museum,0.75,2334,7243,11.4,Bus,4.12
Chennai,Shimla,7.63,Winter,Weekday,Car,Historical Site,0.44,5583,5894,18.6,Train,3.15
Chennai,Shimla,1.82,Spring,Weekday,Train,Museum,0.31,1380,9147,6.5,Train,1.88
Kolkata,Shimla,7.1,Summer,Weekday,Bus,Wildlife Park,0.73,3134,1244,10.6,Walk,2.44
Delhi,Agra,4.5,Summer,Weekday,Walk,Hill Station,0.44,4088,2607,4.6,Car,3.13
Chennai,Mahabalipuram,9.22,Spring,Weekend,Train,Beach,0.29,5181,5476,22.3,Train,2.67
Kolkata,Agra,9.72,Monsoon,Weekday,Car,Hill Station,0.77,5479,3838,10,Train,1.61
Delhi,Shimla,2.48,Spring,Weekend,Walk,Historical Site,0.48,6135,5352,7.8,Bus,4.08
Delhi,Goa,11.83,Spring,Weekend,Train,Beach,0.74,2163,2677,5.8,Walk,4.1
Delhi,Mahabalipuram,5.82,Summer,Weekend,Bus,Temple,0.32,3373,9420,15.1,Car,1.67
Kolkata,Ooty,6.34,Summer,Weekend,Train,Hill Station,0.48,5173,5247,6.3,Train,4.34
Bangalore,Agra,3.76,Monsoon,Weekday,Walk,Wildlife Park,0.75,4482,1381,20.2,Train,1.92
Delhi,Agra,6.57,Spring,Weekday,Train,Historical Site,0.66,5415,1596,15.3,Bike,1.83
Mumbai,Goa,4.82,Spring,Weekend,Bus,Hill Station,0.34,4277,6354,15.8,Car,4.1
Mumbai,Ooty,1.91,Spring,Weekend,Bike,Wildlife Park,0.32,5454,1929,3.7,Walk,1.03
Mumbai,Shimla,1.8,Monsoon,Weekend,Car,Hill Station,0.22,2897,7865,2.4,Train,4.45
Delhi,Ooty,3.08,Spring,Weekend,Walk,Temple,0.45,4514,8668,21.6,Train,4.61
Kolkata,Ooty,5.19,Summer,Weekday,Walk,Hill Station,0.25,6034,2362,6.9,Bike,1.35
Delhi,Ooty,6.12,Spring,Weekend,Train,Beach,0.25,5535,6919,20.2,Bus,2.05
Delhi,Goa,10.08,Spring,Weekend,Car,Wildlife Park,0.68,2494,9426,4.9,Walk,4.57
Mumbai,Ooty,2.84,Spring,Weekend,Walk,Wildlife Park,0.61,1825,7008,17.3,Car,3.59
Mumbai,Ooty,7.27,Spring,Weekday,Car,Museum,0.94,1886,6926,5.3,Train,4.75
Delhi,Goa,9.74,Winter,Weekend,Train,Wildlife Park,0.44,4686,3867,4,Car,1.17
Delhi,Shimla,7.45,Summer,Weekend,Bus,Museum,0.23,3372,5816,12.3,Train,4.7
Chennai,Agra,5.08,Spring,Weekday,Walk,Museum,0.68,3509,7428,22,Bike,4.14
Bangalore,Goa,2.88,Summer,Weekday,Train,Hill Station,0.83,5956,2438,2.4,Bus,3.38
Kolkata,Mahabalipuram,6.69,Spring,Weekend,Train,Hill Station,0.47,3039,1872,10.4,Bus,2.89
Kolkata,Mahabalipuram,9.98,Summer,Weekend,Train,Temple,0.68,4682,6022,19.5,Car,1.56
Chennai,Mahabalipuram,1.53,Monsoon,Weekend,Bike,Temple,0.47,2396,7517,11.5,Walk,1.38
Mumbai,Mahabalipuram,2.53,Monsoon,Weekday,Bike,Beach,0.54,3265,3607,6.1,Walk,4.18
Delhi,Agra,11.91,Winter,Weekday,Walk,Hill Station,0.4,2487,4650,12.8,Bus,1.52
Bangalore,Goa,9.48,Winter,Weekday,Car,Hill Station,0.97,3492,8249,15.3,Train,4.83
Kolkata,Goa,4.67,Spring,Weekday,Bus,Beach,0.27,6256,2469,23.2,Train,2.29
Delhi,Shimla,7.82,Summer,Weekend,Walk,Temple,0.44,2016,7974,22.9,Car,3.26
Chennai,Agra,5.06,Monsoon,Weekend,Train,Temple,0.97,1705,7443,15.3,Car,1.57
Mumbai,Mahabalipuram,1.6,Summer,Weekday,Walk,Museum,0.52,2480,5384,17,Walk,3.64
Chennai,Shimla,1.76,Summer,Weekday,Train,Historical Site,0.45,4544,3473,4.8,Bus,4.97
Delhi,Shimla,1.57,Spring,Weekend,Train,Wildlife Park,0.82,5549,8618,12.4,Car,2.13
Chennai,Mahabalipuram,5.93,Winter,Weekend,Bus,Temple,0.29,4318,8548,9.3,Bus,3.64
Mumbai,Ooty,9.91,Summer,Weekday,Bike,Beach,0.92,5777,4884,2.1,Bike,2.45
Chennai,Shimla,5.21,Winter,Weekday,Car,Museum,0.24,2417,2827,7.5,Bus,4.52
Mumbai,Shimla,3.09,Winter,Weekday,Walk,Temple,0.37,4299,8421,12.6,Bike,2.94
Bangalore,Ooty,11.7,Spring,Weekend,Walk,Hill Station,0.87,5692,8699,21.3,Walk,1.12
Kolkata,Ooty,2.02,Monsoon,Weekday,Walk,Hill Station,0.97,2953,2486,7.8,Car,3.02
Kolkata,Shimla,5.11,Winter,Weekend,Walk,Hill Station,0.43,4707,8534,15,Train,4.23
Delhi,Ooty,7.48,Spring,Weekday,Car,Temple,0.21,3219,2821,6.3,Train,4.69
Kolkata,Ooty,4.83,Summer,Weekday,Car,Beach,0.62,2076,9327,2.1,Bike,4.33
Bangalore,Mahabalipuram,7.56,Summer,Weekday,Bus,Temple,0.35,5910,7654,15.5,Train,2.09
Chennai,Shimla,7.42,Spring,Weekday,Walk,Wildlife Park,0.39,2950,5786,19.8,Walk,4.97
Chennai,Mahabalipuram,8.99,Summer,Weekend,Car,Temple,0.52,4252,9710,9.1,Bus,2.08
Bangalore,Shimla,10.99,Summer,Weekend,Bike,Hill Station,0.29,4112,4363,4.7,Bike,4.21
Bangalore,Agra,10.97,Winter,Weekend,Walk,Museum,0.53,4771,5417,17.7,Bus,4.5
Kolkata,Agra,7.76,Summer,Weekday,Car,Hill Station,0.98,4074,7842,20.3,Train,3.93
Mumbai,Agra,2.67,Summer,Weekday,Train,Historical Site,0.57,6248,2907,14.3,Train,4.71
Kolkata,Agra,2.22,Spring,Weekday,Walk,Museum,0.81,5002,7364,3.8,Walk,1.33
Kolkata,Agra,1.68,Winter,Weekday,Train,Museum,0.24,5598,7776,19.9,Car,4.87
Kolkata,Ooty,7.47,Spring,Weekend,Walk,Wildlife Park,0.63,4232,2954,14.8,Bus,4.47
Mumbai,Agra,1.16,Winter,Weekend,Bus,Historical Site,0.83,5201,1772,18,Bus,2.12
Kolkata,Ooty,7.21,Monsoon,Weekday,Bus,Beach,0.76,5704,4115,6.6,Walk,4.02
Kolkata,Goa,11.54,Summer,Weekend,Bike,Museum,0.62,5604,6534,4.3,Bike,3.5
Kolkata,Ooty,7.23,Monsoon,Weekday,Walk,Beach,0.22,3232,6849,21.4,Car,2.14
Chennai,Ooty,1.91,Winter,Weekend,Walk,Wildlife Park,0.45,5093,4451,2.8,Bus,3.58
Delhi,Shimla,2.55,Spring,Weekend,Train,Temple,0.54,2998,5209,6.7,Bike,2.19
Kolkata,Shimla,6.54,Spring,Weekday,Car,Historical Site,0.41,5961,6037,8.7,Walk,4.99
Mumbai,Shimla,5.91,Monsoon,Weekday,Bike,Temple,0.37,3574,9463,21.7,Walk,1.68
Bangalore,Shimla,7.66,Monsoon,Weekday,Walk,Temple,0.94,2719,3828,19.1,Bike,1.1
Chennai,Agra,5.6,Monsoon,Weekend,Car,Wildlife Park,0.28,1509,9845,20.3,Train,4.93
Kolkata,Shimla,11.13,Monsoon,Weekend,Bus,Museum,0.76,3581,3386,22.3,Bus,4.23
Delhi,Agra,3.55,Winter,Weekday,Walk,Wildlife Park,0.36,1885,8656,17.7,Walk,1.73
Delhi,Mahabalipuram,7.3,Summer,Weekend,Bus,Beach,0.55,2337,6336,15.6,Train,3.98
Chennai,Mahabalipuram,8.95,Summer,Weekday,Walk,Beach,0.87,3512,1062,2.2,Bike,4.37
Chennai,Agra,6.63,Winter,Weekday,Car,Hill Station,0.97,2748,3039,16.5,Bus,3.38
Delhi,Ooty,10.07,Winter,Weekend,Train,Wildlife Park,0.76,5906,4568,4.9,Bike,3.48
Chennai,Ooty,11.11,Winter,Weekday,Car,Wildlife Park,0.99,1778,5636,16,Car,2.51
Bangalore,Goa,10.1,Spring,Weekend,Bike,Hill Station,0.91,1008,7127,4.1,Bus,1.27
Chennai,Shimla,8.39,Winter,Weekend,Car,Museum,0.54,5850,5709,3.2,Bike,3.54
Mumbai,Shimla,7.09,Winter,Weekend,Car,Wildlife Park,0.85,1592,2678,6.6,Train,2.7
Mumbai,Agra,8.4,Monsoon,Weekend,Car,Hill Station,0.85,4229,1087,15.2,Train,4.76
Mumbai,Goa,10.1,Monsoon,Weekend,Bike,Wildlife Park,0.85,4333,3050,19.7,Bike,2.4
Bangalore,Ooty,10.51,Summer,Weekday,Train,Hill Station,0.81,3237,5270,8.5,Walk,3.79
Mumbai,Agra,5.7,Winter,Weekend,Walk,Temple,0.89,3281,5085,10.7,Train,4.35
Mumbai,Shimla,10.53,Summer,Weekend,Train,Temple,0.61,2286,9231,10.6,Bus,4.04
Mumbai,Agra,7.85,Monsoon,Weekend,Bus,Hill Station,0.3,1998,2001,13.9,Car,3.68
Mumbai,Shimla,5.35,Monsoon,Weekend,Train,Wildlife Park,0.56,3727,9509,16.2,Car,4.06
Mumbai,Shimla,7.48,Spring,Weekday,Bus,Historical Site,0.97,1437,9738,2.5,Car,4.18
Kolkata,Goa,11.96,Spring,Weekday,Bike,Hill Station,0.23,3390,9644,15.6,Car,4.28
Mumbai,Ooty,8.06,Spring,Weekend,Bus,Temple,0.62,5560,8621,3.3,Car,3.73
Delhi,Ooty,7.08,Monsoon,Weekend,Walk,Beach,0.89,3483,1283,12.2,Bus,3.1
Mumbai,Ooty,10.96,Spring,Weekend,Train,Hill Station,0.9,2788,1380,21,Bike,2.02
Delhi,Goa,5.59,Summer,Weekday,Bike,Wildlife Park,0.39,2605,3881,18.9,Train,2.14
Chennai,Goa,3.77,Monsoon,Weekday,Walk,Museum,0.58,2686,4948,6.3,Walk,3.06
Delhi,Agra,5.52,Winter,Weekend,Train,Historical Site,0.43,2313,6400,14.8,Bike,1.84
Mumbai,Shimla,6.35,Summer,Weekend,Bike,Temple,0.94,5155,5119,11,Bike,2.78
Mumbai,Goa,2.31,Spring,Weekend,Train,Museum,0.6,2364,6963,17.8,Walk,2.29
Mumbai,Mahabalipuram,8.84,Spring,Weekday,Bus,Hill Station,0.89,2975,8976,8.3,Train,2.24
Bangalore,Agra,10.41,Summer,Weekend,Bike,Hill Station,0.82,3205,1772,2.4,Walk,4
Delhi,Shimla,4.17,Summer,Weekend,Bike,Hill Station,0.24,5053,2369,7.3,Bike,3.23
Chennai,Ooty,6.63,Monsoon,Weekend,Car,Temple,0.51,2191,3802,11.2,Bike,2.38
Mumbai,Ooty,11.05,Spring,Weekend,Bike,Wildlife Park,0.41,3200,5790,10.1,Train,3.27